Modelo,Potencia_nominal_(MW),Raio_da_pa_(m),Altura_hub_ min_(m),Altura_hub_max_(m),Classe_vento_(IEC_61400),Classe_turbulencia_(IEC_61400),Velocidade_rotacao_min_(rpm),Velocidade_rotacao_min_calculada_(rpm),Velocidade_rotacao_max_(rpm),Velocidade_rotacao_max_calculada_(rpm),Cut_in_speed_(m/s),Cut_in_speed_calculada_(m/s),Rated_wind_speed_(m/s),Rated_wind_speed_calculada_(m/s),Cut_off_speed_(m/s),Cut_off_speed_calculada_(m/s),Area varrida (m2) - A_varrida,Peso rotor + hub,Peso nacele (t),Peso real da torre (t),Fabricante,Transmissao,Gerador,Custo_Unitario_USD
AGW 172-7.0,7.0,86.0,134.0,134.0,IEC S,NaN,0.0,2.79,0.0,9.99,0.0,3.19,0.0,11.4,0.0,25.2,23235.0,NaN,NaN,0.0,WEG,Tres estagios,PMSG,516000000.0
AM 5.7/163,5.7,81.5,0.0,0.0,TC III,B,0.0,3.52,11.55,11.55,0.0,03.08,0.0,10.93,22.0,22.0,20868.0,NaN,NaN,0.0,NaN,NaN,NaN,9120000.0
AM 6.0/139,6.0,69.5,0.0,0.0,TC I,B,0.0,5.49,11.75,11.75,0.0,3.33,0.0,12.42,25.0,25.0,15175.0,NaN,NaN,0.0,NaN,NaN,NaN,9600000.0
AM 6.0/154,6.0,77.0,0.0,0.0,TC II,B,0.0,4.26,11.17,11.17,0.0,3.2,0.0,11.63,25.0,25.0,18627.0,NaN,NaN,0.0,NaN,NaN,NaN,9600000.0
AMSC WT10000 DD,10.0,95.0,125.0,125.0,IEC S,A,0.0,3.0,0.0,10.0,4.0,4.0,11.0,11.5,30.0,30.0,28.353,NaN,NaN,0.0,AMSC,Direct Drive,HTS synchronous,30000000000.0
DEC FD119A,3.0,59.5,90.0,90.0,IEC III,A,0.0,7.13,0.0,14.48,3.0,3.0,10.5,10.5,20.0,20.0,11122.0,NaN,NaN,0.0,NaN,NaN,NaN,357000000.0
DEW-10.0-185,10.0,92.5,115.0,115.0,IEC I,A,0.0,1.72,0.0,10.0,3.5,3.5,12.0,12.0,25.0,25.0,26880.0,NaN,NaN,0.0,Dongfang,Tres estagios,PMSG,16000000.0
DEW-11-185,11.0,93.0,0.0,0.0,IEC S,A,0.0,3.0,0.0,10.0,0.0,3.3,0.0,12.5,0.0,27.7,27158.0,NaN,NaN,0.0,Dongfang,NaN,NaN,27500000.0
DEW-5.5MW-140,5.5,70.0,0.0,0.0,IEC I,NaN,0.0,5.41,0.0,12.7,3.5,3.5,11.0,11.0,30.0,30.0,15393.8,NaN,NaN,0.0,NaN,NaN,NaN,8800000.0
DEW-7.5MW-186,7.5,93.0,0.0,0.0,IEC S,NaN,0.0,1.64,0.0,10.0,3.0,3.0,11.5,11.5,25.0,25.0,27171.63,NaN,NaN,0.0,NaN,NaN,NaN,12000000.0
DEW-D13-211,13.0,105.0,130.0,130.0,IEC S,A,0.0,0.0,0.0,10.0,3.0,3.0,11.0,11.0,25.0,25.0,34967.0,NaN,NaN,0.0,Dongfang,Direct Drive,PMSG,32500000.0
DEW-D13-245,13.0,123.0,0.0,0.0,IEC S,A,0.0,3.0,0.0,10.0,0.0,3.4,0.0,12.8,0.0,28.8,47505.0,NaN,NaN,0.0,Dongfang,NaN,NaN,32500000.0
DEW-D7-186,7.0,91.0,115.0,115.0,IEC S,NaN,0.0,1.97,0.0,10.0,3.0,3.0,11.5,11.5,25.0,25.0,27172.0,NaN,NaN,0.0,Dongfang,Direct Drive,PMSG,11200000.0
DEW-G5000-140,5.0,70.0,100.0,100.0,IEC I,B,0.0,5.41,0.0,12.7,3.5,3.5,11.0,11.0,30.0,30.0,15394.0,NaN,NaN,0.0,NaN,NaN,NaN,15000000000.0
DEW-H10-242,10.0,121.0,0.0,0.0,IEC S,A,0.0,3.0,0.0,10.0,0.0,3.3,0.0,12.3,0.0,27.1,45973.0,NaN,NaN,0.0,Dongfang,NaN,NaN,16000000.0
EN-130/4.2,4.2,65.0,80.0,110.0,IEC I,B,0.0,6.23,0.0,13.55,3.0,3.0,12.0,12.0,25.0,25.0,13273.0,NaN,NaN,0.0,NaN,NaN,NaN,390000000.0
EN-136/4.2,4.2,68.0,80.0,110.0,IEC S,S,0.0,5.74,0.0,13.04,3.0,3.0,10.0,10.0,25.0,25.0,14527.0,NaN,NaN,0.0,NaN,NaN,NaN,408000000.0
EN-148/4.5,4.5,73.75,126.0,126.0,IEC S,S,0.0,4.8,0.0,12.07,3.0,3.0,10.0,10.0,25.0,25.0,17087.0,NaN,NaN,0.0,NaN,NaN,NaN,444000000.0
EN-252/14,14.0,126.0,150.0,150.0,IEC S,A,0.0,3.0,0.0,10.0,0.0,3.4,0.0,13.0,0.0,29.3,49851.0,NaN,NaN,0.0,Envision Energy,NaN,NaN,756000000.0
EN-256/16.7,16.7,128.0,0.0,0.0,IEC S,A,0.0,3.0,0.0,10.0,0.0,3.5,0.0,13.5,0.0,30.8,51446.0,NaN,NaN,0.0,Envision Energy,NaN,NaN,768000000.0
EW11.0-208/W11000-208,11.0,104.0,0.0,0.0,IEC I,T/B,0.0,3.0,0.0,10.0,3.0,3.0,10.0,10.0,25.0,25.0,33.979,NaN,NaN,0.0,Shanghai Electric,Direct Drive,PMSG,27500000.0
EW12.X-252,12.0,126.0,0.0,0.0,IEC S,A,0.0,3.0,0.0,10.0,0.0,3.3,0.0,12.7,0.0,28.2,49851.0,NaN,NaN,0.0,Shanghai Electric,NaN,NaN,30000000.0
GW 109-2.5MW,2.5,55.04,90.0,120.0,IEC III,A,7.0,7.0,13.5,13.5,3.0,3.0,12.0,12.0,25.0,25.0,9516.0,NaN,NaN,0.0,NaN,NaN,NaN,327000000.0
GW 121-2.5MW,2.5,60.5,0.0,0.0,IEC III,NaN,0.0,6.97,13.5,13.5,3.0,3.0,11.0,11.0,22.0,22.0,11499.01,NaN,NaN,0.0,NaN,NaN,NaN,363000000.0
GW 130-2.5MW,2.5,65.0,85.0,140.0,IEC S,S,0.0,6.23,16.0,16.0,2.5,2.5,10.1,10.1,20.0,20.0,13273.0,NaN,NaN,0.0,NaN,NaN,NaN,390000000.0
GW 154-6.7MW,6.7,77.0,103.0,103.0,IEC S,S,0.0,4.26,11.5,11.5,3.0,3.0,12.0,12.0,25.0,25.0,18627.0,NaN,NaN,0.0,NaN,NaN,NaN,462000000.0
GW 155-4.0MW,4.0,77.5,110.0,110.0,IEC II,C,0.0,4.18,9.1,9.1,2.5,2.5,11.3,11.3,26.0,26.0,18869.19,NaN,NaN,0.0,NaN,NaN,NaN,465000000.0
GW 155-4.5MW,4.5,77.5,110.0,110.0,IEC II,C,0.0,4.18,11.0,11.0,2.5,2.5,11.3,11.3,26.0,26.0,18870.0,NaN,NaN,0.0,NaN,NaN,NaN,465000000.0
GW 164-6.45MW,6.45,82.0,104.0,104.0,IEC S,S,0.0,3.44,10.7,10.7,3.0,3.0,11.5,11.5,25.0,25.0,21124.0,NaN,NaN,0.0,NaN,NaN,NaN,492000000.0
GW 168-6.45MW,6.45,84.0,104.0,104.0,IEC S,S,0.0,3.11,10.7,10.7,3.0,3.0,11.5,11.5,25.0,25.0,22168.0,NaN,NaN,0.0,NaN,NaN,NaN,504000000.0
GW 171-6.45MW,6.45,85.49,108.0,108.0,IEC III,B,0.0,2.87,10.7,10.7,3.0,3.0,10.5,10.5,25.0,25.0,22960.0,NaN,NaN,0.0,NaN,NaN,NaN,513000000.0
GW 184-6.45MW,6.45,92.0,112.0,112.0,IEC S,S,0.0,1.8,8.0,8.0,3.0,3.0,10.0,10.0,21.0,21.0,26591.0,NaN,NaN,0.0,NaN,NaN,NaN,552000000.0
GW 82-1.5MW,1.5,41.15,70.0,100.0,IEC III,A,0.0,10.14,17.3,17.3,3.0,3.0,10.3,10.3,22.0,22.0,5320.0,NaN,NaN,0.0,NaN,NaN,NaN,246000000.0
EW25.0-310,25.0,155.0,0.0,0.0,IEC S,A,0.0,3.0,0.0,10.0,0.0,3.7,0.0,15.0,0.0,35.3,75438.0,NaN,NaN,0.0,Shanghai Electric,NaN,NaN,75000000.0
EW8-167 / W8000-167,8.0,83.49,0.0,0.0,IEC I,B,0.0,3.2,12.0,12.0,3.0,3.0,12.0,12.0,25.0,25.0,21900.0,NaN,NaN,0.0,Shanghai Electric,Direct Drive,PMSG,12800000.0
GWH 168-8.0,8.0,99.0,0.0,0.0,IEC I,S,0.0,0.66,0.0,10.0,0.0,3.1,0.0,10.78,0.0,25.03,30790.0,NaN,NaN,0.0,Goldwind,Direct Drive,PMSG,504000000.0
GWH 175-8.0,8.0,87.25,110.0,110.0,IEC S,NaN,0.0,2.58,8.0,8.0,3.0,3.0,12.0,12.0,25.0,25.0,23916.0,NaN,NaN,0.0,Goldwind,Direct Drive,PMSG,525000000.0
GWH 242-12.0,12.0,121.0,140.0,140.0,IEC S,NaN,0.0,3.0,0.0,10.0,2.5,2.5,10.0,10.0,25.0,25.0,45997.0,NaN,NaN,0.0,Goldwind,Gear Box,PMSG,726000000.0
GWH 252-16,16.0,126.0,0.0,0.0,IEC S,A,0.0,3.0,0.0,10.0,0.0,3.5,0.0,13.4,0.0,30.4,49.876,NaN,NaN,0.0,Goldwind,NaN,NaN,756000000.0
H127-5MW,5.0,63.5,0.0,0.0,IEC S,A,0.0,6.48,0.0,13.8,3.5,3.5,12.1,12.1,25.0,25.0,18626.0,NaN,NaN,0.0,NaN,NaN,NaN,381000000.0
H151-5MW,5.0,75.5,97.0,97.0,IEC I,B,0.0,4.51,9.1,9.1,3.5,3.5,10.6,10.6,25.0,25.0,17907.8,154 t,217 t,0.0,NaN,NaN,NaN,453000000.0
H152-6.2MW,6.2,76.0,97.0,97.0,IEC I,B,0.0,4.43,0.0,11.69,3.5,3.5,11.0,11.0,25.0,25.0,18145.8,NaN,NaN,0.0,NaN,NaN,NaN,456000000.0
H171-5.0MW,5.0,85.5,107.0,107.0,IEC III,B,0.0,2.87,0.0,10.08,3.5,3.5,9.5,9.5,25.0,25.0,22965.8,NaN,NaN,0.0,NaN,NaN,NaN,513000000.0
H171-6.2MW,6.2,85.5,100.0,185.0,IEC S,A,0.0,2.87,0.0,10.08,2.5,2.5,10.2,10.2,24.0,24.0,22965.8,NaN,NaN,0.0,NaN,NaN,NaN,513000000.0
GWH 252-13.6,13.6,126.0,0.0,0.0,IEC S,A,0.0,3.0,0.0,10.0,0.0,3.4,0.0,12.9,0.0,29.1,50000.0,NaN,NaN,0.0,Goldwind,NaN,NaN,756000000.0
GWH 252-14.3,14.3,126.0,0.0,0.0,IEC S,A,0.0,3.0,0.0,10.0,0.0,3.4,0.0,13.1,0.0,29.5,50000.0,NaN,NaN,0.0,Goldwind,NaN,NaN,756000000.0
H210-10,10.0,105.0,123.0,123.0,IEC I,A,0.0,3.0,0.0,10.0,3.5,3.5,10.7,10.7,28.0,28.0,34.636,NaN,NaN,0.0,CSSC Haizhuang,Tres estagios,PMSG,630000000.0
H210-12,12.0,105.0,123.0,123.0,IEC I,A,0.0,3.0,0.0,10.0,3.5,3.5,11.2,11.2,28.0,28.0,34.638,NaN,NaN,0.0,CSSC Haizhuang,NaN,PMSG,630000000.0
HTW2.0-80,2.0,39.81,65.0,79.0,IEC I,A,11.0,11.0,19.6,19.6,3.5,3.5,13.0,13.0,25.0,25.0,4978.0,NaN,NaN,0.0,NaN,NaN,NaN,2600000.0
HTW5.2-127,5.2,63.44,90.0,90.0,IEC I,A,0.0,6.49,12.7,12.7,4.5,4.5,14.0,14.0,25.0,25.0,12644.0,NaN,NaN,0.0,NaN,NaN,NaN,8320000.0
HTW5.2-136,5.2,68.03,90.0,90.0,IEC III,A,0.0,5.73,12.7,12.7,4.0,4.0,13.5,13.5,25.0,25.0,14540.0,NaN,NaN,0.0,NaN,NaN,NaN,8320000.0
Haliade 150-6MW,6.0,75.4,100.0,100.0,IEC I,B,4.0,4.0,11.5,11.5,3.0,3.0,0.0,11.8,25.0,25.0,17860.0,NaN,NaN,0.0,NaN,NaN,NaN,450000000.0
H220-10.0,10.0,110.0,128.0,128.0,IEC I,A,0.0,3.0,0.0,10.0,3.5,3.5,10.3,10.3,28.0,28.0,38.012,NaN,NaN,0.0,CSSC Haizhuang,Tres estagios,PMSG,660000000.0
H260-18,18.0,130.0,150.0,150.0,IEC I,C,0.0,3.0,0.0,10.0,3.5,3.5,13.2,13.2,25.0,25.0,53066.0,NaN,NaN,0.0,CSSC Haizhuang,Tres estagios,PMSG,780000000.0
Haliade-X 12 MW,12.0,109.98,138.0,138.0,IEC I,B,0.0,3.0,0.0,10.0,0.0,3.48,0.0,12.59,0.0,27.98,38000.0,225 t,600 t,2550.0,LM Wind Power,Direct Drive,PMSG,30000000.0
Haliade-X 13 MW,13.0,109.98,133.0,150.0,IEC I,B,0.0,3.0,0.0,10.0,0.0,3.62,0.0,13.33,0.0,28.96,38000.0,225 t,600 t,2550.0,LM Wind Power,Direct Drive,PMSG,32500000.0
Haliade-X 14 MW,14.0,109.98,150.0,150.0,IEC I,C,0.0,3.0,0.0,10.0,0.0,3.77,0.0,14.08,0.0,29.93,38000.0,225 t,600 t,2550.0,LM Wind Power,Direct Drive,PMSG,35000000.0
MySE10-242,10.0,121.0,132.0,132.0,IEC S,NaN,0.0,3.0,0.0,10.0,3.0,3.0,7.5,7.5,25.0,25.0,45.996,NaN,NaN,0.0,MingYang,NaN,NaN,16000000.0
MySE11-203,11.0,101.0,0.0,0.0,IEC I,B,0.0,3.0,0.0,10.0,0.0,3.3,0.0,12.5,0.0,27.7,32365.0,NaN,NaN,0.0,MingYang,NaN,NaN,27500000.0
MySE11-230,11.0,115.0,126.0,126.0,IEC S,NaN,0.0,3.0,0.0,10.0,3.0,3.0,8.5,8.5,25.0,25.0,41.584,NaN,NaN,0.0,MingYang,Tres estagios,PMSG,27500000.0
MySE12-242,12.0,121.0,132.0,132.0,IEC S,NaN,0.0,3.0,0.0,10.0,3.0,3.0,8.5,8.5,25.0,25.0,45.996,NaN,NaN,0.0,MingYang,NaN,NaN,30000000.0
MySE14-260,14.0,130.0,155.0,155.0,IEC S,NaN,0.0,3.0,0.0,10.0,3.0,3.0,9.5,9.5,25.0,25.0,53.093,NaN,NaN,0.0,MingYang,NaN,NaN,35000000.0
MySE16.6(T)-182,16.6,91.0,113.5,113.5,IEC S,NaN,0.0,3.0,0.0,10.0,3.0,3.0,8.5,8.5,25.0,25.0,52.031,NaN,NaN,0.0,MingYang,NaN,NaN,4.980.000.000.000.000
MySE16-242,16.0,121.0,0.0,0.0,IEC I,T/B,0.0,3.0,0.0,10.0,0.0,3.5,0.0,13.4,0.0,30.4,46.0,NaN,NaN,0.0,MingYang,Tres estagios,NaN,48000000.0
MySE16-260,16.0,130.0,0.0,0.0,IEC S,A,0.0,3.0,0.0,10.0,0.0,3.5,0.0,13.4,0.0,30.4,53092.0,NaN,NaN,0.0,MingYang,NaN,NaN,48000000.0
MySE2.5-135,2.5,79.0,85.0,140.0,IEC III,NaN,0.0,3.94,0.0,11.18,3.0,3.0,9.6,9.6,20.0,20.0,19607.0,NaN,NaN,0.0,NaN,NaN,NaN,3250000.0
MySE2.5-145,2.5,79.0,85.0,140.0,IEC S,S,0.0,3.94,0.0,11.18,2.5,2.5,9.4,9.4,20.0,20.0,19607.0,NaN,NaN,0.0,NaN,NaN,NaN,3250000.0
MySE18.X-20,20.0,140.0,0.0,0.0,IEC S,A,0.0,3.0,0.0,10.0,0.0,3.6,0.0,14.1,0.0,32.6,66052.0,NaN,NaN,0.0,MingYang,NaN,NaN,54000000.0
MySE3.0-121,3.0,60.48,85.0,130.0,IEC S,S,0.0,6.97,0.0,14.31,3.0,3.0,10.0,10.0,25.0,25.0,11493.19,78 t,83 t,0.0,NaN,NaN,NaN,3900000.0
MySE3.0-135,3.0,67.48,85.0,130.0,IEC III,B,0.0,5.82,0.0,13.13,3.0,3.0,9.3,9.3,20.0,20.0,14306.63,87 t,85 t,0.0,NaN,NaN,NaN,3900000.0
MySE3.2-145,3.2,72.48,85.0,140.0,IEC S,S,0.0,5.0,0.0,12.28,0.0,2.88,0.0,10.02,0.0,22.63,16504.63,NaN,NaN,0.0,NaN,NaN,NaN,4160000.0
MySE3.6-135,3.6,67.48,85.0,140.0,IEC S,S,0.0,5.82,0.0,13.13,3.0,3.0,10.9,10.9,25.0,25.0,14306.63,NaN,NaN,0.0,NaN,NaN,NaN,4680000.0
MySE4.0-145,4.0,72.48,90.0,90.0,IEC S,S,0.0,5.0,12.0,12.0,2.3,2.3,9.9,9.9,20.0,20.0,16504.63,NaN,NaN,0.0,NaN,NaN,NaN,5200000.0
MySE4.0-156,4.0,77.98,100.0,100.0,IEC S,S,0.0,4.1,11.0,11.0,2.3,2.3,9.9,9.9,20.0,20.0,19103.76,NaN,NaN,0.0,NaN,NaN,NaN,5200000.0
MySE5.0-166,5.0,88.0,105.0,105.0,IEC S,S,0.0,2.46,10.5,10.5,2.5,2.5,10.5,10.5,20.0,20.0,21643.0,NaN,NaN,0.0,NaN,NaN,NaN,6500000.0
MySE5.5-155,5.5,77.5,100.0,100.0,IEC I,B,0.0,4.18,12.0,12.0,3.0,3.0,10.1,10.1,30.0,30.0,18870.0,201 t,230 t,0.0,NaN,NaN,NaN,8800000.0
MySE6.45-180,6.45,89.0,0.0,0.0,IEC S,S,0.0,2.3,10.8,10.8,3.0,3.0,10.5,10.5,25.0,25.0,24885.0,184 t,247 t,0.0,NaN,NaN,NaN,10320000.0
MySE18-260,18.0,130.0,175.0,175.0,IEC I,B,0.0,3.0,0.0,10.0,3.0,3.0,10.0,10.0,30.0,30.0,53.066,NaN,NaN,0.0,MingYang,NaN,NaN,54000000.0
MySE8.3-180,8.3,90.0,0.0,0.0,IEC S,S,0.0,2.13,10.8,10.8,3.0,3.0,11.3,11.3,30.0,30.0,25447.0,NaN,NaN,0.0,NaN,NaN,NaN,13.280.000.000.000.000
NREL-240-15.0MW,15.0,120.0,150.0,150.0,IEC I,B,5.0,5.0,7.56,7.56,3.0,3.0,10.59,10.59,25.0,25.0,45216.0,NaN,NaN,0.0,NaN,NaN,NaN,720000000.0
NREL-284-22.0MW,22.0,142.0,170.0,170.0,IEC I,B,5.0,5.0,7.61,7.61,3.0,3.0,11.0,11.0,25.0,25.0,63315.0,NaN,NaN,0.0,NaN,NaN,NaN,852000000.0
SCD advanced 6MW,6.0,70.0,100.0,100.0,TC II,B,0.0,5.41,13.6,13.6,3.0,3.0,13.0,13.0,22.0,22.0,15394.0,NaN,205 t,0.0,NaN,NaN,NaN,9600000.0
MySE24-290,24.0,145.0,0.0,0.0,IEC S,A,0.0,3.0,0.0,10.0,0.0,3.7,0.0,14.8,0.0,34.8,66.052,NaN,NaN,0.0,MingYang,NaN,NaN,72000000.0
MySE7.0-158,7.0,79.0,100.0,100.0,IEC I,A,0.0,3.94,12.0,12.0,3.0,3.0,11.1,11.1,30.0,30.0,19607.0,201 t,254 t,0.0,Mingyang,Tres estagios,PMSG,11200000.0
SCD deep float  8MW,8.0,83.98,110.0,110.0,TC I,B,0.0,3.12,11.4,11.4,3.5,3.5,13.0,13.0,24.0,24.0,22155.84,NaN,NaN,0.0,SCD Technology,Tres estagios,PMSG,12800000.0
SE9320III-S3,2.0,46.49,70.0,80.0,IEC III,B,0.0,9.27,19.0,19.0,3.5,3.5,11.0,11.0,22.0,22.0,6789.0,NaN,NaN,0.0,NaN,NaN,NaN,27960000000.0
SCD nezzy 8MW,8.0,69.98,110.0,110.0,TC I,B,0.0,5.41,0.0,12.7,0.0,3.61,0.0,13.86,0.0,27.52,15386.0,NaN,NaN,0.0,SCD Technology,Tres estagios,PMSG,12800000.0
SCD nezzy2 twin-rotor 15,15.0,75.0,0.0,0.0,IEC I,A,0.0,4.6,0.0,11.9,0.0,3.4,0.0,13.2,0.0,29.8,35.342,NaN,NaN,0.0,SCD Technology,Tres estagios,PMSG,2600000.0
Seawind 18,18.0,130.0,0.0,0.0,IEC S,A,0.0,3.0,0.0,10.0,0.0,3.5,0.0,13.7,0.0,31.5,53066.0,NaN,NaN,0.0,Seawind,NaN,NaN,54000000.0
SG 10.0-193 DD,10.0,97.0,140.0,140.0,IEC I,B/S,0.0,3.0,0.0,10.0,4.0,4.0,12.0,12.0,28.0,28.0,29.3,NaN,NaN,0.0,Siemens Gamesa,Direct Drive,PMSG,16000000.0
SG 11.0-193 DD,11.0,97.0,140.0,140.0,IEC I,B/S,0.0,3.0,0.0,10.0,4.0,4.0,12.0,12.0,28.0,28.0,29.3,NaN,NaN,0.0,Siemens Gamesa,Direct Drive,PMSG,27500000.0
SG 11.0-200 DD,11.0,100.0,140.0,140.0,IEC I,A/S,0.0,3.0,0.0,10.0,4.0,4.0,14.0,14.0,32.0,32.0,31.4,NaN,NaN,0.0,Siemens Gamesa,Direct Drive,PMSG,27500000.0
SG 14-222 DD,14.0,111.42,138.75,168.75,IEC I,S,0.0,3.0,0.0,10.0,0.0,3.74,0.0,13.92,0.0,29.81,39000.0,NaN,500 t,0.0,Siemens Gamesa,Direct Drive,PMSG,35000000.0
SG 14-236 DD,14.0,118.0,150.0,150.0,IEC I,"A, S",0.0,3.0,0.0,10.0,4.0,4.0,12.0,12.0,32.0,32.0,43.5,NaN,NaN,0.0,Siemens Gamesa,Direct Drive,PMSG,35000000.0
SL3000/105,3.0,52.5,80.0,110.0,IEC II,A,0.0,8.28,0.0,15.66,3.0,3.0,12.0,12.0,25.0,25.0,8659.0,NaN,NaN,0.0,NaN,NaN,NaN,9000000000.0
SL3000/113,3.0,56.65,90.0,110.0,IEC III,A,0.0,7.6,0.0,14.96,3.0,3.0,11.5,11.5,25.0,25.0,10082.0,NaN,NaN,0.0,NaN,NaN,NaN,9000000000.0
SL3000/90,3.0,45.0,80.0,90.0,IEC I,A,0.0,9.51,0.0,16.93,3.5,3.5,13.0,13.0,25.0,25.0,6362.0,NaN,NaN,0.0,NaN,NaN,NaN,9000000000.0
SL5000/128,5.0,63.98,100.0,100.0,IEC I,A,0.0,6.4,0.0,13.72,3.5,3.5,12.5,12.5,25.0,25.0,12861.0,NaN,NaN,0.0,NaN,NaN,NaN,15000000000.0
SL5000/155,5.0,77.5,110.0,110.0,IEC S,S,0.0,4.18,0.0,11.43,3.5,3.5,13.0,13.0,25.0,25.0,18870.0,NaN,NaN,0.0,NaN,NaN,NaN,15000000000.0
SL6000/128,6.0,63.98,100.0,100.0,IEC I,A,0.0,6.4,0.0,13.72,3.5,3.5,13.0,13.0,25.0,25.0,12861.0,NaN,NaN,0.0,NaN,NaN,NaN,18000000000.0
SL6000/155,6.0,77.5,110.0,110.0,IEC II,A,0.0,4.18,0.0,11.43,3.5,3.5,11.0,11.0,25.0,25.0,18870.0,NaN,NaN,0.0,NaN,NaN,NaN,18000000000.0
SWT 3.6MW - 116,3.6,58.0,90.0,90.0,IEC II,A,5.0,5.0,13.0,13.0,3.5,3.5,14.0,14.0,25.0,25.0,10568.0,100 t,125 t,0.0,NaN,NaN,NaN,4680000.0
SWT-4.0-146,4.0,61.0,146.0,146.0,IEC S,A,0.0,6.89,10.8,10.8,3.0,3.0,0.0,11.84,0.0,24.4,11689.87,NaN,NaN,0.0,NaN,NaN,NaN,5200000.0
SWT-6.0-154,6.0,76.95,154.0,154.0,IEC I,A,5.0,5.0,11.0,11.0,4.0,4.0,13.0,13.0,25.0,25.0,18600.0,NaN,360 t,0.0,NaN,NaN,NaN,9600000.0
SG 21-276 DD,21.0,138.0,0.0,0.0,IEC I,A/S,0.0,3.0,0.0,10.0,0.0,3.6,0.0,14.3,0.0,33.1,60.0,NaN,NaN,0.0,Siemens Gamesa,Direct Drive,PMSG,63000000.0
TZ5000-128,5.0,64.0,90.0,90.0,IEC I,NaN,0.0,6.4,0.0,13.72,3.0,3.0,12.0,12.0,25.0,25.0,12867.0,NaN,NaN,0.0,NaN,NaN,NaN,15000000000.0
TZ5000-153,5.0,76.5,105.0,105.0,IEC S,A,0.0,4.35,0.0,11.6,3.0,3.0,10.3,10.3,25.0,25.0,18385.0,NaN,NaN,0.0,NaN,NaN,NaN,15000000000.0
TZ6000-154,5.0,77.0,95.0,105.0,IEC II,NaN,0.0,4.26,0.0,11.52,3.0,3.0,12.0,12.0,25.0,25.0,18627.0,NaN,NaN,0.0,NaN,NaN,NaN,18000000000.0
SG 7.0-154,7.0,76.95,154.0,154.0,IEC I,B,0.0,4.27,0.0,11.53,3.0,3.0,13.0,13.0,25.0,25.0,18600.0,NaN,NaN,292.0,Siemens Gamesa,Direct Drive,PMSG,11200000.0
Unison U151,4.3,75.5,95.0,125.0,IEC III,A,0.0,4.51,0.0,11.77,3.0,3.0,10.2,10.2,25.0,25.0,17908.0,NaN,NaN,0.0,NaN,NaN,NaN,453000000.0
SG 8.0-167 DD,8.0,83.49,92.0,92.0,IEC I,B,0.0,3.2,12.0,12.0,3.0,3.0,12.0,12.0,25.0,25.0,21900.0,NaN,NaN,0.0,Siemens Gamesa,Direct Drive,PMSG,12800000.0
V117-4.2MW,4.2,58.5,84.0,91.5,IEC S,S,0.0,7.3,0.0,14.65,3.0,3.0,0.0,12.25,25.0,25.0,10751.0,NaN,NaN,0.0,NaN,NaN,NaN,351000000.0
V126-3.45MW,3.45,63.0,87.0,166.0,IEC II,A,0.0,6.56,0.0,13.88,4.5,4.5,12.0,12.0,22.0,22.0,12469.0,NaN,NaN,0.0,NaN,NaN,NaN,378000000.0
V150-4.2MW,4.2,75.0,105.0,166.0,IEC III,B,0.0,4.59,0.0,11.86,3.0,3.0,9.9,9.9,22.5,22.5,17671.0,NaN,NaN,0.0,NaN,NaN,NaN,450000000.0
TZF10000,10.0,93.0,0.0,0.0,IEC S,A,0.0,3.0,0.0,10.0,0.0,3.3,0.0,12.3,0.0,27.1,27158.0,NaN,NaN,0.0,Taiyuan Heavy Industry,NaN,NaN,30000000000.0
V164-9.5MW,9.5,82.0,105.0,105.0,IEC S,S,0.0,3.44,0.0,10.67,3.5,3.5,14.0,14.0,25.0,25.0,21124.0,NaN,390 t,0.0,NaN,NaN,NaN,492000000.0
V174-9.5MW,9.5,87.0,110.0,110.0,IEC S,S,0.0,2.62,0.0,9.83,3.0,3.0,0.0,13.17,25.0,25.0,23779.0,NaN,NaN,430.0,NaN,NaN,NaN,522000000.0
Unison U210,10.0,105.0,0.0,0.0,IEC S,A,0.0,3.0,0.0,10.0,0.0,3.3,0.0,12.3,0.0,27.1,34618.0,NaN,NaN,0.0,UNISON,NaN,NaN,630000000.0
V164-10.0MW,10.0,82.0,105.0,105.0,IEC S,NaN,0.0,3.44,0.0,10.67,3.0,3.0,0.0,14.07,25.0,25.0,21124.0,NaN,NaN,0.0,Vestas,Tres estagios,PMSG,492000000.0
V236-13.6 MW,13.6,118.0,0.0,0.0,IEC S,A,0.0,3.0,0.0,10.0,0.0,3.4,0.0,12.9,0.0,29.1,43721.0,NaN,NaN,0.0,Vestas,NaN,NaN,708000000.0
W3600-116,3.6,58.0,80.0,100.0,IEC II,A,8.33,8.33,15.4,15.4,2.5,2.5,12.0,12.0,25.0,25.0,10568.0,NaN,NaN,0.0,NaN,NaN,NaN,10800000000.0
W3600-122-90,3.6,61.0,80.0,100.0,IEC III,B,8.33,8.33,15.4,15.4,3.5,3.5,12.0,12.0,25.0,25.0,11690.0,NaN,NaN,0.0,NaN,NaN,NaN,10800000000.0
W4000-136-90,4.0,65.0,0.0,0.0,IEC I,B,0.0,6.23,13.8,13.8,3.0,3.0,10.5,10.5,25.0,25.0,13274.0,NaN,NaN,0.0,NaN,NaN,NaN,12000000000.0
W6.5F-185,6.5,92.5,0.0,0.0,IEC S,A,0.0,1.72,0.0,10.0,3.0,3.0,10.5,10.5,25.0,25.0,26880.25,NaN,NaN,0.0,NaN,NaN,NaN,10400000.0
WG5.55F-172,5.5,86.0,0.0,0.0,IEC S,A,0.0,2.79,0.0,10.0,3.0,3.0,8.0,8.0,25.0,25.0,23235.22,NaN,NaN,0.0,NaN,NaN,NaN,8880000.0
WinDS 3000TM,3.0,45.8,0.0,0.0,II,B,0.0,9.38,15.7,15.7,3.0,3.0,13.0,13.0,25.0,25.0,6539.0,NaN,NaN,0.0,NaN,NaN,NaN,9000000000.0
WinDS 5500/140,5.56,70.0,0.0,0.0,IEC I,B,0.0,5.41,0.0,12.7,3.5,3.5,13.0,13.0,25.0,25.0,15394.0,NaN,NaN,0.0,NaN,NaN,NaN,16500000000.0
WinDS3000/134,3.0,67.23,90.0,120.0,IEC S,S,0.0,5.87,10.7,10.7,3.0,3.0,10.0,10.0,20.0,20.0,14199.0,NaN,NaN,0.0,NaN,NaN,NaN,9000000000.0
WinDS3300/134,3.3,66.98,90.0,120.0,IEC S,S,0.0,5.91,0.0,13.21,3.0,3.0,10.11,10.11,20.0,20.0,14095.46,NaN,NaN,0.0,NaN,NaN,NaN,9900000000.0
XD115-5MW,5.0,57.5,80.0,140.0,IEC I,C,0.0,7.46,18.0,18.0,4.0,4.0,14.0,14.0,25.0,25.0,10386.9,NaN,NaN,0.0,NaN,NaN,NaN,345000000.0
XE128-5MW,5.0,64.0,100.0,140.0,IEC II,NaN,0.0,6.39,15.0,15.0,3.0,3.0,12.0,12.0,25.0,25.0,12868.0,NaN,NaN,0.0,NaN,NaN,NaN,384000000.0
V236-15.0 MW,15.0,118.0,150.0,150.0,IEC S,NaN,0.0,3.0,0.0,10.0,3.0,3.0,0.0,13.2,30.0,30.0,43721.36,NaN,NaN,0.0,Vestas,Tres estagios,PMSG,708000000.0